<?xml version="1.0" encoding="UTF-8"?>
<project-private xmlns="http://www.netbeans.org/ns/project-private/1">
    <editor-bookmarks xmlns="http://www.netbeans.org/ns/editor-bookmarks/2" lastBookmarkId="0"/>
    <open-files xmlns="http://www.netbeans.org/ns/projectui-open-files/2">
        <group>
            <file>file:/C:/Users/tanar/Documents/NetBeansProjects/szf1B/0930/Feltetelek/src/feltetelek/Feltetelek4_if_else_if.java</file>
            <file>file:/C:/Users/tanar/Documents/NetBeansProjects/szf1B/0930/Feltetelek/src/feltetelek/Feltetelek3_if.java</file>
            <file>file:/C:/Users/tanar/Documents/NetBeansProjects/szf1B/0930/Feltetelek/src/feltetelek/Feltetelek4_Refaktorizalasa.java</file>
            <file>file:/C:/Users/tanar/Documents/NetBeansProjects/szf1B/0930/Feltetelek/src/feltetelek/Feltetelek2_Ertekadas.java</file>
            <file>file:/C:/Users/tanar/Documents/NetBeansProjects/szf1B/0930/Feltetelek/src/feltetelek/Feltetelek1_Relaciok.java</file>
        </group>
    </open-files>
</project-private>
